username,password
juhrzx,hdrxsrfh
jicbzk,tattufxa
quotmy,xehlsikg
pcbehp,yfdblnko
xaxeox,chwvvuil
pwtgok,lislhlho
vmnfdg,zvuyekwa
wptvuo,rrxyxcnk
xiwlgg,zewxrcyg
ickcbk,emsbgajp
lgykbs,nsmrdugf
hnqwas,atrwzjyy
vrocpv,cthvmemg
yrwvqy,zblbciqv
jwcfml,qmkbztcw
hlypid,tnpqtmrw
jqguug,ftehhjfd
rpawms,ydfbroiv
fpvgju,exvudysg
yuhtan,iooydqxi
etcvnl,ylgtjofx
wqkkhe,vcrdcslv
zdaerq,hnxytggs
aynzld,hcebtzjf
iyrufs,ndlflpkf
vbtwvz,nghojroy
akvetr,vhepjacs
egfulg,wtmjopee
camisv,mzuyntvh
gkhxra,rtrmizpa
zshaqo,cofcvivo
akykzo,xoxvtley
yrmean,hiqxxyjr
pjgkoc,eagmpvth
zzlrcz,lhdpqiig
qidhve,xdqqksyk
fwduug,casfymds
ejrals,fqwafchi
dybmhq,ivhplyha
cbqnds,rvatvdry
kckgpk,ijljkjui
fatnas,wmcjxfgq
tnbztr,bexobqli
aqbgby,kqwoastg
hracsl,gdrucrqa
litmhp,rdmwucnt
nxzakk,yhyllyap
nknizn,jlnwzavw
mtvynh,dwdevoza
ddyxzk,fsaqvxmw
kdoops,npufzgsc
eqqrcc,abkifnxa
ubulxe,cowdxfij
ulmmfy,ukknfoiz
cbiatt,oopoypgk
yjkxic,edaagmhf
ceftij,gyvpbrmk
epmpqg,mpqrpsqs
lybjhc,ooxymayw
txmsyk,xdysaeuu
hklbdj,xuqwugif
lhzxbh,drpkwqyr
ehmumz,vhgmnluw
nfpoam,dhlcqqzq
figtuo,uobepsvq
gbennp,ecpxjyom
efjcsy,lzlmfosa
wfgvos,tlhwjfxa
lfxowt,rahvgxix
guoxtd,nrcsnaya
kscikp,avfpjwjf
wvkddb,zudfkgus
yridxm,mxrhdnxk
rizgiw,dfpecodq
aoevdt,gpjhbcfo
tvtgkz,wmqqysxh
zgnxmm,smdxeflt
vufrbo,cmfwytuy
thfjgw,sakcuhaz
xhursg,bjfsxasp
bllvka,qdcjlkel
qiyrkl,erkrzqcx
iewzwj,vcirtzgo
arldgd,avdjjsfi
flicah,xouashkk
mumtlb,yjhpetoi
slvxfs,fxfyprkc
ctzjli,grdvdpic
ukynpz,esxrfakm
gezchl,ovzispuc
emivzc,tpskqsgt
pgnkew,brxgoxql
noifsb,pcylgeij
modvgz,jaxuelsf
mmxwxw,jygozovt
vchtzt,ojytpveg
ggaxvd,rsvjvanv
dvuwzn,fexkwqru
ngwcxw,qqxznmqv
zmfvta,oatikvkm
yugepu,izdjtojl
bwxzzo,tuajxerr
cjvwpl,kobnejve
binlrf,rswxztem
fijnvh,aygsayws
kuxyao,qymodois
kfhzos,tzxpexpl
txikom,jhwwjfku
gxamge,orhphpja
fqoioc,plfybuhc
kmyxqu,dwwrqbom
fxhwgp,luhushsc
slqfqw,nuhemvoi
raawkr,hyjxvgrr
dcfzqb,hvgyyidx
mdcdqs,ehjbaauv
siaysr,jllxfqao
ruumfn,pdynkwqm
rumltb,vqouvqqb
ocpaws,zbdwlvhq
ecofyu,svoxybhb
wzglil,frtcyhrc
brbfkh,zijmzxlv
xfvihr,ugdnnrag
zmwzzl,jomymegh
cmoiea,jqetnuzn
wnrwqa,jdthtqxt
xwhklu,idyfipvo
vepxbo,cpwqevul
bnkbbb,obydbckn
xhdhqo,mfpvcngx
lktczz,smpzdlfk
kmulbq,ivvvpitk
hzrxvu,kbwycptt
iyspod,iamuitdh
uwqqjk,mvwusthw
wjdwhr,hgirpwbt
jceqyd,ttjfceet
bmmujc,kdxlrrmb
slzxzs,ruoiwduv
brkvuy,lywbmfkv
hznlvl,keeclfsn
ppfsro,lmvnydwu
vbfmfa,hhgbdrsp
spxldf,rpybbwwk
cwxdfh,nohxmiiw
abrqua,iaxgeaul
rjihvb,mrtkfibc
lzzevw,vlaqfeat
ggjltl,lakmawgc
jvreqc,mxwawouv
jbyygz,yvorncem
galwtv,xgaftygo
pulvvp,axrdfmim
ldblfc,upsoetdc
cdyoen,nzvnkhvn
lamjge,zhgonsbc
iyohjv,cagwfwxx
uikdca,btrhwvvj
rdmlcz,thhtngmo
fmpdfi,nstqaonk
ueawrr,xbojsxab
dwjtxn,mdewlnuu
ilpqai,llbkcvon
otenli,ddcavmtc
mlafkr,orrnaosr
savfol,kuxzbhht
lrqqdw,qnazbtcc
cmnrie,txzdxgvg
wavboi,xoykvbxy
bkyqqy,hdrkaknb
iiebkp,vpzsgtog
takdjm,qdcnpwuo
ejqyqv,ddrlywsz
xgnont,rtxwblng
uddusw,uqbifxvi
yulpvg,bdvkbqdk
ocmwue,eanxbqik
bdqntd,lijnbsfv
odpcnw,dawohnuw
qecvhr,lzhfbhtu
wyainp,oslxspnk
lhxuri,oqnvigwg
bgxdli,jwozceem
agzqka,slrodfpv
awqhli,xdfairdi
krpieh,ckhpbopj
cqucbn,hweuvkwk
atqotx,evmfpodd
wnbabd,pqpumgaz
iwipqn,zwlnxfzj
ihvybu,otaqrgou
kfdrqo,iadcrzla
wcbudh,zsrqlrpy
rpvfmm,eigpfxws
tltwna,cynqtses
ykrblf,afukyoqj
vlccrd,dstvjnfl
wbuidx,ievkxatj
fwwudf,weyedzpv
yxlrti,osedjrnd
auptzx,oqhkluec
tobota,ajjgpeui
fxhrse,tzjhieyt
zvyciz,blwkxzou
vepvmm,djlvgzko
ksyhya,ebtuosfi
umwirs,gtqtpfbl
tntfgx,uowezkez
wqryhi,qwhnpaqo
imkreh,gnfqtrft
zrunga,kwxjihml
bnwdmo,kbobublk
yhelsr,mpxvwymm
eizpiz,svxxhtld
wxuxmi,fefcrxbl
elupcp,pwflhyth
rufblk,eshyihlv
hpxffp,zrtrwqht
aojoam,ctnboyko
kkwbrh,tedvgfsh
dnkaos,srvlimoi
qmyqii,bxvrsuhb
nocnym,kdcendno
pxoynx,mwzgjzsm
thyamp,qxkayhgn
fzcpeg,gkdmicwx
vtpbhh,rxnhelrv
xvgukp,luupnvhr
xllxvm,qmedraia
giesaw,hbistvuo
fymytj,yeundyil
qnjakf,rbsnqqdn
oaunes,drodgyoi
xcqjss,tjbhubgr
gspxed,yoyxcdyi
pnqvfm,jsvyjuos
rixujc,xncxohlk
ebdclo,tywoiocb
bbrnrs,gvzwnhzo
zuwhnz,qjxfmisx
xmhnlb,tomdxlne
iolbvm,nnwbrkga
alatfi,wlnuwhdm
sxmler,rovrwfih
fivhla,hwelrovt
bbdbmg,elqjayvg
hviipc,dybwabrx
niznzl,swqumkft
okzzsw,ujlxnnlv
syjcal,hnxaahge
mgjckr,lqxvhddu
zqthrl,fyxehsmf
hnvzbj,ypsgpvlq
mlgiit,sqgcddom
ydsosh,thtswuhs
eauutk,fllprkep
qruvun,tvkelwpj
fitnfa,okdfgjxi
hvxcao,tmonuoyo
nkjmny,yxdfgdop
pvtdqg,wdkvcyja
tnvket,etnmaxpm
vzuulq,iuupfpzr
notfpu,koehvssc
scjsac,tcrqrdtr
pdnmdd,ghbfbiyi
zvxkpy,eclyjgfv
llrqai,gphfxgcp
gkzoig,ugnjqwdd
xofwsr,qtzdtnto
bgvzcx,wbdcmwwa
cswtlq,yrcubzrx
uvenxs,bllmhgrg
oxagpt,murhpceo
ficyap,zjugthfq
wgvgdk,wyfbggor
vslqnl,gkrsiisy
vxytcd,khjfwehd
eilxfr,uujivhwn
ybexml,xwihyaxe
yxshmc,ujmbxkcz
fofiap,esfwrewh
xaiomv,bomwwdcd
iwqdmj,ufiewebp
zcnkac,warsdtax
ghqvji,todfovud
aqqloc,pcmdmbwu
zkpqen,xzkbzxmr
asbcaq,nhsaupyi
xmwgso,ixhjwbhq
chgmqz,wuslcfje
oywmbz,alrlqeaa
zaioes,bbkmqlnq
dixzlv,ycjxdewv
chhsbh,onjqkisn
mhpzva,vrefztsj
aovfns,qdwfkmat
hvnhvw,gedkcymt
grvfey,ddpaohte
eempve,givxeljq
wiyity,xcgycnhf
alcrrj,eccguase
nhxegv,qmleonqt
zrzzib,ootiumds
qwkufm,egafrcar
uqovnt,gbrqojpm
pbrirb,dwvtnyrr
rllnwn,mwullfhb
blvefr,wsjoajqc
kyvhyg,cmltspax
ujpwss,tiyvmoue
yqloln,memfhjmi
mqhaoz,okxldvzu
lcmodv,neiangfr
gdxqdo,jysblnrx
vrtlnn,vxgmutfd
nauyvz,ttacwjwz
tiaczj,jnpevkaj
xnjmeb,gozhnkyn
mkixob,bkgdrrkb
dxocon,cvwefnbg
ozfkvj,eaifaqhv
wrfjaj,ttnpblld
igadqy,finwdlyh
ysjerd,tjtjicen
mjzgku,wbmeydey
ropwek,tnnqskul
trfwvz,ggdfhunn
ssrzej,qdmorcqp
fadmlh,iphaqjxz
gemnqa,cterxpub
uzoevw,dwhtnpty
fxevfb,alylqqil
emwzzd,hjrcduvs
eedfck,wdqmgdzx
bwxpxr,wpmxcvey
ivcnwq,nxbgsyoz
jkldwi,szzwtbby
xvfvnz,jwibvonp
odddmc,fqxujmci
ududlf,yfodjqtn
apddqg,zmcwqkkf
ltsacy,xsrnktsq
emdeul,axltqdpp
ocjcyk,tmbpmqmg
fvxprn,vbcnmvlg
awdgak,vritekaa
zdsuym,pzheyppp
dqncyq,jcdwlfqo
akbzzx,hzupydev
maxjmf,suxmfbmm
wlxsfa,xnvyvdem
becgzf,rotfsfye
lyeadf,jqfinxad
tficlq,chbnfvzq
zllzpw,svcfvccp
lvyosz,wccesmjk
qtepia,ikiilpsc
ahkpol,jynseekw
rvqdso,kumwgzar
eoxxdl,zzhrejsn
ocnjlc,hshzvxuv
ktinhj,yyxcijep
krxpre,bvkwnjce
zerhht,azzuzlgv
nufnfi,slmpioey
medyio,tagkjqmu
xuvzgd,msgknosh
usixpr,yifimjgh
qhadmw,jbvelhih
wgeoac,foobwbkg
tciidk,gfpimrnu
xlkbdu,lfbigrub
uqxmdn,jrokilrc
howkqd,insqimnl
ziffww,uosizcyf
hfhouf,qlmvegri
dsfjot,cvpmmdmp
hjloeu,iirisocb
onocdj,mdrkyxig
xdhyjp,tgheeubt
jduirk,dhkinkri
baskxg,kwyospbe
dzlpwk,zfsibepu
epedkn,qveppbuw
yhvdbb,trageacf
umcsak,nokprvgg
fcizgl,nbontqbp
htfaki,klwrecgv
cmncaj,ebkwdvmv
gfebms,htxlljgh
xtsrkf,zllmrbxl
ysiyrq,hmmrakht
dmfknd,gdbajxki
oquwmy,adejzffs
fmojts,arulhouf
fupgkx,hhfzzazw
wefkpy,fsyhzcgj
xfgvdr,iitbjxbb
wmsrel,psrtzuuv
xlzryx,jeerthdr
jnaseg,babzrsxy
krcsxc,xwdcibec
ujchcv,ilzxjrin
iqukcr,abgmxkvd
guphhj,ptezomtm
pynitu,acgspcjl
bhexmc,zjavssrh
nyjhix,ncjjwixd
joshup,fewqjjmo
jemazk,abcbnkwg
ovrhti,ktcwrflu
yclott,nffsezab
utqrfa,vscmzyww
ploprx,ngytquug
azypwl,tpnxjlij
zhmkvt,hfqeqdcd
hvlcpt,wflqbcjv
xqtqsf,nslfdzrv
vkrlyu,vqxcrfet
otmbkl,gjprdela
wgcmme,wsndxdgg
pbntid,cqenjekq
thoedq,bhlpqibs
vcdhjn,ahlkyvyp
sdbyhq,ihhamvzt
dikjzc,itkywnjs
rnbntr,sgmqcxaq
vzhcme,pqmqkmdn
vfmvdr,vrxbxeql
smahlc,ccquvckn
hwigxl,aztfgtmc
zqmash,mmrcpxah
luczeg,seljlwgw
uujptc,jlslkukx
mhdgvl,daejuwee
pkbpnp,fmlyiuhw
kfnkcb,zmslrdqh
upzgjy,uxieqjdm
jurmpu,oodljala
xoxdll,dndocvnw
skgoai,zidthaca
nwpwob,sxydrdcy
gfqtdq,jlxzgqmm
hpgrgu,jwahqvto
gbmpbt,mwgszxlv
svetqb,wtqqwuwl
prznex,iilvjfdz
clugpd,ntemybde
onxqvi,wrbttyxb
ngtlmp,wgstiuei
uteuzc,gawrcuty
nrrjas,myabhpjh
zcwwra,xxibcetn
irafqs,iuamngpo
gjktxi,hehgxspm
tjjoaq,axqnwyqp
gjurjn,olaszyji
myorif,yxilnohg
cnognx,atsfgwqb
sdjwsn,zfagixqs
muvtae,luyyejjq
lipjqy,uimvzsoy
xpzjlo,fpnpkffs
ecegaq,isboimaq
xxvzvj,hveexdfa
ckaroc,nmfpwmqe
ejbpre,nylxzpct
umbstw,imyhmgsv
tptoyq,srlwubal
foodjo,pnettdkq
djnkjt,nxfpynvu
rubzyh,wqjhhujf
kqrdbw,gfsilpcr
snfvop,rgrvmhxc
ndvjar,ffpcwkfu
khsqgc,ochyjzyb
gvudkq,urwkdkpn
vofibx,morkifxe
pqmook,ntfsgvuh
fhtxag,thwzmatl
pfcear,rvbmchoj
qyddax,aojhjcli
fvpvat,ltxbilic
swddpm,eygzglco
skbtcj,dbnosvsf
rgaqkk,bpnrreio
rdpmrg,ryvschri
eeusya,klsslyoa
zswysw,kdjfkbar
qjulel,jqufrmbr
rqunbd,bxqptdcx
lkloxj,nsdvrrhy
pzacma,yplamsej
fnajml,nbyjlrpy
xpqjiq,hwkpvqhi
emwhxo,mdnvgggw
sjmhan,dinkwxiu
ymexhn,aisbdtzz
zrjjej,jngivesp
fmfuqy,tqajumma
ibomex,badkpvcq
tjattd,qdjjwwus
uqlrly,qbthkwin
pjtilj,lcfkgdod
nnvmsz,rovuvglt
punxck,xtmvjwej
humnjt,lvwspmrv
wmross,ewejfmuy
ruswrs,jvxytlyj
rjuhxw,hifcaexf
hrprre,xlljhvdr
zckapg,mfcjxkzp
oecipl,tlkcjbsy
liqfcj,egbgoovg
hrilha,etoyfjuk
bfdmns,imyqcbzt
hnsiri,erujfkyr
rmzgwo,jvnkvqgi
rshkit,vdihzqju
tmxdil,eqwryekf
ftlpit,rakestzo
gwupft,umgzdtoc
fbzejp,lsmtqpeo
ipgzdt,nnxxolsw
gfrvxe,symdknwo
dxmvzp,agyhviio
lhuoix,rcohunkk
rqxwkp,xowdbksr
zophnt,wwrtaxdl
phrmqn,elsnrtti
wypgow,jmrgtcab
jrntyr,qzzhttsx
sstesi,wxwrsdty
zpywzy,txcslfvu
pzdfqa,znyibcgp
ovwalj,kdexezzo
vycggj,rvixieua
xrqudr,dfvedpgk
jrbmkc,acloegzl
rtcdyo,soqvheuu
akntle,ourpzprw
fqixuk,redxtzpt
oqnndo,bujbnfuc
olenuf,nvytjgdb
tjcafq,dgaibiim
izizls,bylzwuar
wsqiun,osnthdcr
txunlb,prxmnlhu
hldsid,kdhcijxb
lsfwrc,yufjdzau
weasiv,eqzkdrwm
aasqco,ysewbizc
dxyfcy,dxyfobfj
kcgede,xuhsiznr
itbkjq,ldovozvn
gszhay,wncmeuin
uqvwaz,puynqyld
wfnabl,lhgcpzbj
wmuisw,jmtqiudv
pqwjnq,mqonprrp
eolydt,qepsxelv
ugcqwj,uirwwmup
lruojs,nyuwenbm
xttezq,khzffgvi
xdsjiu,oermcrae
aqmyeo,dxhjwciy
lzvpkt,zeooygrp
jgpzht,gnowhwxc
fpvcod,yypnszwc
tcqffz,nqvurykt
lzlfub,eodhjpjc
pswfgh,isddclox
ntmeez,qjkvcoly
wqlbmt,bnouzqip
mgyktd,jtnsjjkm
mkgnat,nfjgrpci
ynfgtz,lucfwvuj
ughvfm,keqzrgbc
lhsrdy,beoillvg
odxzms,yktxmcuq
zodeze,tyrxqrmb
cfqobt,fmsmbaej
tpikgz,dtkvrcxf
drlybo,wkcqvull
betzpe,pekadmej
itwbod,zrixouyh
pudqbs,vztrkdsq
ooadxo,lohzhuro
qkfxti,zealvkwe
xjimqb,smyzpejn
svjxmf,stlzgfce
itzqhp,eeqipmry
ivvaah,eagwaxex
restim,bqeyqdfh
efckbz,fhalpiam
chaqru,uqajgaux
prnlmz,blijtxgj
mleili,hwntpchp
bdpgqf,oamxodjh
mvsfse,czbwxiqm
gdhtkk,zegvssyp
viqvtj,stoilvbq
qtpyqv,pjltpeeh
jvuciu,fpxkgmaz
yfdnfn,rathgcaw
pvdmml,arbvsjqb
xrrsiv,jdifiyba
zyjjsf,bptmcheb
qmsvzp,qookwzcd
uavdzu,mjnburzx
vtuaaq,gfyibxka
zozgca,mduyycff
pphvtq,xjjkgpvq
pugmvu,iigenllf
nrkpnm,ocqhllur
hroiuc,yhiarcjf
pohzog,ogulwrec
enojxq,pubgfscu
temafd,attpdcor
tyvdhp,rnldhnhn
cminin,ycqzlrbw
lkvgsd,ffncwcwz
iranml,vleoiqrc
faelzb,lnuhmahy
mxnbxj,iytguenv
fqapea,oxesypjy
mdetkg,dkcuhryb
tvtezf,ijbdkbfo
kazmwi,oloiyrjq
xuadgk,zbkrbwvt
zzifmi,zoetjump
jcqtrf,damqlcmm
wcxlud,ygqnqyvw
rrtdhf,ddyefeon
ugtczg,bvhyvlum
cisgvc,ahjltyun
rbovgi,wludykva
bcjjqu,fyjlzmvx
ivrxmn,akwehirv
loqjwg,uextvppi
rtasap,yuqpekco
txldrn,aazpnrqk
lagorp,lpxypuio
tehwkl,ttofgstz
ctqywa,irzxnftf
gkccdh,oeeqygdj
lczxdr,dbveemhd
hnqtfd,xwwehmma
igmybf,zcdtjhvu
zpqgcy,drgncjqu
pzdkvz,nxeqtfhk
ogzbct,ofkxtwjq
yunhgr,sqqcxmjd
ggtnfr,cgyryzcr
wacqyf,smynfwpp
mrxsrh,mmamkofw
uzsqeo,vgsfgbox
qptmvp,rqyqwnib
vcnmyg,vecrjoyj
mxtyph,voubrpwi
dkgunc,jodeqqdt
mtfhlx,cjhhlrgu
pzawvy,ybguvqat
cbeypm,vmulstho
guxted,cglcfjji
lasrjx,vvziqjwi
xtjlpb,cngjmqyv
ycgllc,ixcnncdt
wrsrdr,bfubtlxx
cecxrg,tbsmzynd
wencow,zmybsvsi
lpaijk,gmzlrkhh
jmnuxq,rilghyqr
yekhoa,kgybghqs
rywsbk,pmxuydvj
cpgdjk,nkhnuyrz
ydbysv,cygvlpzp
trxxix,axiulynx
vvsbgx,smpoigza
gycchh,qfdglcjl
yobwwp,ssewsfzf
jywdji,dxlyadey
xwbnfi,qokyfzmj
xjqxdz,ioojrhyk
xsygrq,vtpwxsoc
xeeowj,xlpmzkse
ilqvqy,jlulkdqr
ioslra,vbyyynbz
faibmc,ecdnjfet
zydwqq,rhgawhko
vepfql,fmvcxyzc
cqhqlc,andcuhab
wyekwe,vhenanvg
hfxfxz,obvopwzd
otjmkm,fctpyiwx
onfjqk,apckshyh
ajuwls,mjgavyun
efqakm,vuuyrbbo
nmcpgn,xzfpqcfc
iwvyil,qvwrncki
wbkkfn,tjhdbezy
ldpbsz,ghxkxkti
cvoemq,kaxeukas
prytoo,ojfqjhpp
hinyin,kxyskmwx
sdrtxo,zcwwvlgt
dzjtrw,fwmmhcpz
awlfxc,hznvhosy
ohmhmx,risirolf
sqvdzi,bbllxvlk
zbyqxk,lywfuzvm
qwqrcn,vcbhvemk
zzwlwu,fgvcmwfr
cextex,wbskatyn
qtwovf,bdhbollt
ehokxs,gnmacsia
kjgvcm,ujtyksuh
zjkdvr,nvxjevjk
xgewfh,ckarqvpe
twjfla,fikdooom
zuhnvy,cumjjtbc
lqeual,mpawbvfw
tgdmeg,zhdzrnvp
remskn,vyebmylx
zaasrx,oiyzkmtj
oulkuh,jbhwsinv
npprxj,okathqnh
bnctyc,olgqsxqq
ehjnyi,qfaxxcgq
rorwfq,xnndmvnz
olrmcl,fmowpuaw
ewkntb,dkfpaxic
cgnufh,okupksok
jmpsrd,hpqgfknu
kpecvf,tiuqqtvg
rbyyxh,ihyhvatk
owtoct,wwqtyatt
pussgb,nxuwvavc
duojee,isbgngvc
kzdfex,hdiadkma
xjdgxm,twwjbwmg
eassej,gutbglam
rtpyfc,xtslcaua
fxyvop,nuzifdyb
vugkzw,azfnpzlc
fxhync,hdtqtehg
ttyuqo,vxlygpet
gkdyod,afryfoos
jnbqrd,cwlofhew
qsavmv,mkmyaayk
zweefy,rkdzvdlg
hiifna,iiyuyhlq
avlejk,hhqmmsnj
gmtaio,eaqluzmb
ctggmg,owbeglgy
lueysy,hcskicdx
vntbis,jtezeqpo
gwrifd,ltjhudgo
onaczn,mvjwhkbh
kebivy,fvpmzhuj
zthnpt,psfeuclt
eukbqc,mnbxonec
fxitoh,rcetijst
ofibwr,czxsuqri
kyqzop,iezacfec
ewhbvq,lwvhlnht
pnuvvj,lpeeykxi
wuclzt,upeqozyc
fpcvhe,selrvflw
abuluz,gapurgve
phbdry,qrvnnrwm
putkgw,lxszfond
oaqhfm,jchxiaai
bxanpu,tckfzzbf
grnozo,commoqrc
xhposh,ktvwgxch
pmbrli,wgubiwqd
pedwin,eeuhfcde
hmuezy,tefmxotz
eipfja,ywtpnfkb
yuacva,idmftsjh
xbtmeu,vfljqxts
fiktve,lhexjxhu
yxvdot,xauncfmg
fcpift,zucyhsog
zxuhtm,xaxfjmef
csbvpj,aouwxlqs
uwwvqh,sorvprwl
lwqtjb,hqrzfaxl
oeoahh,gbekkyyj
mwnucw,mbcxmgup
twcitk,gykupsdk
ctkvur,jshbmfqo
wisjxv,bhxtqbzt
epahgu,noshexdb
msysfc,fbrpfatb
mibqaa,jwvoxgtq
eskdrh,hsimwklo
onztjv,bvlgwlvg
fzrbji,zjzcwyqq
dowjag,uzvqaebo
mnbfxq,gflbeida
soxvgn,yuzrfgpl
mvxqho,haezlxly
zzcpxp,vpzxvqrx
wsbgvj,ebmorbsp
fschrq,wggucdvj
ptnkfh,fbroqxkl
lnlqnk,yimfyyuq
qngvgf,egtcydjl
nkvlwl,btzhtcae
nflmfp,kcgvwmdc
ypjydr,xxevenvv
wqklif,gvecvgak
aroseo,gnnxshpt
ipwwcy,lbajvtxv
sdccqs,lkdpacmc
iudsgx,mbvkxirc
qfckow,merdcnih
ucausy,llojjiwa
memcjf,kxezbyma
uaiboc,wsogumpk
oakclx,sjiqbxju
yhvxof,qijwvbey
rfyszi,udbrwllw
sprgkk,rkzuupki
yinwat,ociadoys
ycaghb,vnaropzi
hmshyx,lbtbmlgc
qyffyd,qqbotrcm
dzduph,tqgfbnnr
igbydy,wxvbdjba
cykfqa,shtkaplo
zidkvh,kmgjlzae
rvaysd,pjyrkpnw
qwhvsw,wqtyilyh
ygxfsn,mqzkyabz
yybshw,tpmyhlyg
qrnvwc,kbyslgjo
pjfrxt,wnwmoscc
mooywg,gjnnherq
fftdma,fnxetcry
dawchp,smlvzjjp
wgorgo,tdfxrtfl
tpxxml,daurwfof
oxwovx,czeqxnqw
rbzddm,mhpewfby
lunidc,qgrcwhai
rurhxa,uzoafrgo
xwonye,caqexflm
teprah,vwhnfrdd
wvtiup,occnrhfa
zldxad,yxchzxtt
bjsiwj,jbupudjv
tsmvvk,lbbzzrii
ecctwj,huumxhjc
synnhn,xemriezd
rdfdgd,ptvtwiki
edtgeq,uqnfkzvq
xvfwhe,jlwzwksb
pxyqgp,ajsxpawl
taslur,hglrmlfr
hawmkb,pnkwcubn
gybnys,zlcotahu
qlosih,spszdskd
pdfwzw,pwfmcttq
rxjthv,ufcmglze
kgxyqq,wkmnznfe
kpirfx,wowcgdiy
zpsjwg,lskpsbuz
nszzzn,zbfstbmy
pbcctx,tylpvwdz
zxvlrv,yqnmgfkw
ivrfzj,djggnhwe
aubfbu,mooyylnt
rebbpk,apxljobq
larafm,jvdfmnia
vjhdrx,qsowqlye
ysaeey,ndotvsgd
nyfwzu,wxfhodjd
ilxyah,kpmswnzp
oywthx,nhsuenkc
bfpnrw,arincwpx
wpobzo,hhhylwtt
glzknu,dmamgpek
fiptgn,jbplnxwc
mayqfh,gozjsnas
ztxqtz,gvgckqml
tiurug,ngrlybvl
sqfxrx,pqnqcduq
kbuqfb,iscunmlt
kmguko,bfyfkxzn
iheyde,pcybvseh
dshsoi,emqczlcx
utfymi,dusyuqty
cisezw,ilqffpld
oglqmz,ibgfyxas
dxnvrd,mollxvps
dtnlgv,kvrdwgjs
qxzuzj,xizxhzju
ndoqyg,lzttsuaq
upzxrw,cvpvouca
uxrauz,snvwfnpd
kjesig,aulrkxpe
ysmkdx,skwheayr
lnpzjf,zhtnjqos
ngtsoe,ziqlhjaf
vweiat,byaidbbx
pqqvxq,trhyavvw
uisdvb,vkhtmmeb
zoyule,orlvaiye
iixorm,zfblyppw
ajlvxe,qmdawnay
idohsg,aurzxipp
ibeukd,bujwastz
zopcxh,uxpefkuo
apmudt,moqrwcwp
occanj,tpqqygby
xdmfzy,ckeaecfn
avfbys,mixabuzr
orsgpr,fpwbttma
hovsnp,jusunaqy
cqnwry,qyebvrgw
wcqnhs,qqaccrun
mckmli,pacncfbi
qjpbnd,ffqkqysy
voenqd,igotjazm
obajju,ivrftvab
sngfaz,gcloated
zjsuhf,zdlhqquh
pktrtn,mbrlxjnw
mllpys,fbyszdjj
ugtqdb,zwhficle
laznug,xxjwfkxf
fsgudc,kkugvbgd
nomwrg,rkwagqzr
psqhhd,whgknbgv
qehzpd,rydtgmtl
ethecr,kezypnsi
uzfueu,ljqxjsss
olijec,oerruhik
miqgzx,ewlkaytf
vkmqfz,ggishdql
rrtoow,zafjqljr
tlkqam,vxvfjkyi
clhqxu,gsjoklnr
ftbqwy,bwhylaej
oqykez,xftlvxxz
cjuezy,imstaptg
uapmtk,ifdmpmio
hkonkb,vytjhbdu
dnncas,zlexfojt
uiwyqo,aujxidvf
wumicn,lbuonlvn
anfxkk,xpvkudsq
imtvaq,lftwtbkl
wpobkq,fofogbry
nggkib,tbdexypg
iepeos,qxvkvycy
lkyylq,ncpespvw
eduhbj,dkeoxdni
fqmwgy,nzoifuan
fbibjy,anzyanvx
xtkymg,ghgqehlp
hocora,esnsbumb
vempea,mwbhxlqk
ueozbq,bkimzfqm
eldtbd,oocslbbu
wompep,eqsnulfe
xfyrrr,qjpcuxll
llktgd,cnzxqowt
qpdwpq,hwurqzkh
hojbdr,kcjvegrb
adpsig,mfemrckf
skswct,dqcztolp
vniaiy,igohgvev
hoouyq,sgofxdiy
ammolf,xcenxcfc
lvqpjb,efwwjytq
owyfyn,fpbsuelo
rieaxa,haroougl
buslxp,qilttcqi
taphiu,vayghbdu
ckayao,lgiqvlfu
mwznwj,pnymacld
ktumfa,mrtauwqs
zhzccg,lshbmhng
eqklxl,xqdssuvx
dfvdek,fjityesf
lnmpqt,aqivclwx
vzvwjr,yvixzfjc
egsmuw,jpxbizin
jrdbjg,mitpnfyc
xxpqqx,bwdalthq
hhhyfg,plwxtxsx
dolkck,tkpzaybz
bhxtuf,qohhrrzb
fzjhyt,tbjxjzkr
