userid,name,timeZone,locationid
1,Team 24,-5,1
2,zFUPUq,-4,1454
3,SbtNvS,5,880
4,yLFyfe,3,659
5,dvMPXZ,-11,919
6,QDKPBi,-8,223
7,BqAMHq,7,67
8,IEUGSH,-11,1140
9,MJGsxb,-4,22
10,CAwJvK,-7,381
11,WfLjgC,7,712
12,xlmnjM,6,927
13,ueYaUN,0,326
14,ExFwzB,-5,1740
15,KufzBX,-10,1658
16,gtfwEn,-2,908
17,rYHPVY,-8,1198
18,yechLo,-4,469
19,eAEqAH,10,1668
20,CNpRtp,-5,7
21,CnSivq,8,113
22,jUriNo,-4,659
23,RyYuGO,-4,1330
24,gIUwRU,12,1640
25,mMmWpN,3,1320
26,ZVNWvh,-1,1549
27,YDYgls,-9,730
28,gOmAvu,5,242
29,AcVIsZ,-6,1544
30,cKlgjt,11,1636
31,jNBXju,7,423
32,ssEpii,-1,677
33,gcAQZL,-11,279
34,OhuUFx,-6,781
35,uBrJLs,-2,422
36,GMcKdc,-7,516
37,sqsSBo,10,1370
38,IfGYjY,-6,48
39,ObfFJu,-6,645
40,LfYPFS,-2,841
41,roSYcx,5,1472
42,UsMWEl,9,1511
43,FHdKuz,2,1673
44,hMhtvQ,12,1615
45,RdSXDo,12,871
46,sGodzr,12,1653
47,kNMenK,8,549
48,KNSzPI,9,1745
49,swNIlJ,6,224
50,wewMTz,0,751
51,PjTTnE,6,295
52,ewVTwP,12,1394
53,GTpirR,3,299
54,wwWJqB,-11,1735
55,CzviEd,-3,1708
56,nspoCh,-2,716
57,FDujzI,-7,1440
58,TbeMFn,8,479
59,XVKsZb,-7,888
60,bDvkZC,11,1325
61,csNmoi,11,1561
62,nSXRWR,1,422
63,XTzeId,-7,179
64,LQCSpL,-3,182
65,mVwVOF,-6,1152
66,OWAfpm,-2,554
67,zZPYcj,9,1029
68,fjAHUk,-3,1605
69,KKzBaL,-5,3
70,FmDLjE,2,822
71,sfrEHU,-11,1484
72,gerKEF,-4,1249
73,eIUTzV,-5,39
74,kiEYfa,-11,969
75,LNHdcK,-1,131
76,eVcEOG,0,1372
77,SRsmFT,-10,1594
78,wjZoZC,-7,1768
79,HrJDEZ,5,54
80,aIswVh,3,310
81,YWrMMp,5,442
82,poYmWb,12,971
83,sXAkrH,11,795
84,BHcWkW,-8,1291
85,OctkEs,7,1526
86,GjQbLp,3,1108
87,CwPAng,5,1708
88,AHpiNJ,-9,314
89,TgGNJx,10,601
90,BaZJsq,8,563
91,KImBhN,8,446
92,evRpMf,10,510
93,JfKQVK,-3,819
94,gWIEfl,-3,402
95,zglGwh,-10,470
96,AucFhZ,6,763
97,BKjYHu,4,1589
98,DmOJKn,-7,1169
99,bshBcO,4,789
100,fmueWm,9,471
101,CjGCHH,-9,817
102,IbMMlz,-6,101
103,oKhvnI,0,733
104,LkNvhy,6,610
105,XGhVXH,10,682
106,ElKhmF,7,281
107,TGdkgL,3,683
108,BvNReR,12,1292
109,RJwqid,-7,1491
110,JMYuFY,10,289
111,KkGkHB,12,1144
112,qkaWPT,7,1616
113,DvQwVK,-6,1169
114,MBTDMV,-2,244
115,nFHlbq,-3,828
116,qsqAzv,7,1394
117,zNMQfw,-3,815
118,dWJxmv,-5,1683
119,nmUmOW,-6,405
120,ioMLyI,-4,94
121,dZTjtc,11,528
122,OsrpOF,6,1726
123,KGUsMZ,12,931
124,blKowh,11,105
125,IkjLfL,-9,479
126,sTFrGe,10,1545
127,qiegQe,8,1051
128,fkiJIX,-3,36
129,lUzliv,-9,191
130,ioAUJh,-3,996
131,DGDhPg,12,815
132,CTtXfq,-2,1086
133,ZhURTW,7,1727
134,VwAgcA,10,1677
135,AkKHQU,10,127
136,ZvJJac,-9,489
137,JNeiqZ,9,20
138,DvSdiN,-3,785
139,rWeDcZ,11,1068
140,gAyJts,10,851
141,SqNnKH,-2,686
142,UlEtIT,2,1477
143,DEstfv,7,1068
144,bWqWsU,11,1770
145,oATnEW,5,529
146,nnaKJv,2,793
147,drMDqj,8,822
148,YbDQna,12,78
149,PoyMIN,-3,328
150,zctQDx,2,1087
151,PHlYGq,-1,122
152,paUnVZ,-3,954
153,lPQskw,4,1315
154,ecFysV,-1,1465
155,GmAVCe,-3,727
156,IFdMis,3,581
157,vxPuau,-10,815
158,qPVVls,-4,727
159,CspzTm,-10,1495
160,lxkaCW,2,887
161,zGAwZK,-10,1096
162,DxWFnG,-9,954
163,yPLLhI,-10,400
164,fnEPUK,5,94
165,FbtEJu,-1,891
166,gqQbcK,-11,296
167,lemGLz,6,1296
168,NhtgYj,-4,977
169,SoHKPY,6,792
170,mCCcmE,-9,1323
171,PeXKFH,4,591
172,BcWweZ,-6,932
173,TTbmiG,3,699
174,IOEbya,2,342
175,AcDmRp,12,1084
176,Dbeume,5,1519
177,itTbKx,-5,34
178,EBcirN,7,1347
179,fIxxIg,-11,110
180,tkRjGd,-1,32
181,jJcWjr,-6,1227
182,XXcPPP,-11,472
183,VkWfwy,-2,1016
184,ShJGhx,11,416
185,RHGTqM,-3,1259
186,iuioRn,1,127
187,qBUvRL,6,1107
188,MfYcfB,-9,145
189,oVCOOL,-3,439
190,YCqZpu,9,1123
191,zDMCVv,-3,1772
192,PUzCjf,-7,1072
193,uQnegX,12,561
194,CSOJpE,3,1421
195,MvAPiB,3,147
196,ILMMIe,-1,573
197,IsVgkl,12,78
198,eXjdAv,-2,1047
199,smduPH,7,278
200,IWpUZg,-6,296
201,UyLINq,8,496
202,qCPBxU,10,1184
203,NDrAos,7,879
204,ZqLPgI,-8,767
205,LJhnTy,11,1129
206,BNTgBE,-6,929
207,vKJTNF,-11,1529
208,xnGRMy,2,1446
209,gcTygw,4,1251
210,jmneqs,-6,1223
211,HMHoWj,-4,660
212,PRDOsJ,-5,844
213,Ddxdxf,-9,295
214,NTJkRf,-3,1275
215,LrYTPE,-8,868
216,xKAdRB,9,348
217,IcKyqb,-1,1056
218,IUrtvh,7,1101
219,USwvAd,0,670
220,Vrpyhj,-6,1183
221,McXMHc,-4,1651
222,VJZOJp,7,264
223,QxPjvp,5,650
224,jhXBaD,-5,159
225,YncQcB,2,909
226,pOTTCU,4,1538
227,qKrHtT,-11,299
228,hTHISG,6,1695
229,ogboOS,11,1030
230,jkHDbg,-2,503
231,TFjyrS,4,1178
232,ZEPXMn,10,944
233,LOgzWr,-1,195
234,unrJUW,-4,621
235,DjyLhS,12,1679
236,XlIJRp,-1,1498
237,goESrP,0,1769
238,vaRAOH,-7,1413
239,YOpcCA,-5,611
240,rEkyfg,12,1513
241,FnJlOg,-3,1444
242,oZFvCe,3,1582
243,JuVuMH,-2,383
244,OywNLF,-2,1221
245,KlDNNq,5,93
246,bBZgbh,-11,123
247,iAYgwA,9,870
248,GxlVjU,9,433
249,dcMowP,-2,1742
250,mEQUpW,-1,228
251,drZjhb,1,77
252,XvQnNh,-10,1539
253,LFXvff,5,175
254,xhtFlH,11,271
255,hpjvjA,-1,1500
256,hjSNcy,11,1287
257,DtIWAr,-2,1430
258,eHwxxi,2,332
259,JplzuP,-3,1097
260,cFTxIa,0,26
261,vkkGXX,2,658
262,XpuNJN,9,614
263,GGiwIQ,3,447
264,cvfvkz,-8,831
265,KVFavb,0,872
266,iBKCsZ,0,1731
267,gxijMI,10,1315
268,VibFlz,5,1437
269,NGaIyi,10,652
270,cMDdfZ,8,144
271,kqgwKT,-9,839
272,rZJSbX,-4,1101
273,jFAqkC,7,205
274,WkuEhb,-5,1578
275,jiSwzM,-6,738
276,NbPeSW,-6,1004
277,AiWcfy,6,726
278,TIvJfV,11,1330
279,dRZHMV,-3,454
280,EwxZFb,6,47
281,YxFqYL,-9,82
282,zIsvfv,-2,751
283,xHrXxu,7,552
284,jiIALH,-2,1683
285,XoKsWd,6,1442
286,rOxUTg,0,1620
287,IsNjGK,8,380
288,tWTgJg,10,1472
289,ZWIwAX,4,311
290,nugtgj,11,1698
291,LEQnyG,9,165
292,hGbodc,-10,529
293,vKscua,10,372
294,QZLfvd,-5,1597
295,yoqlBa,-6,1342
296,gBReqE,7,71
297,PMGubL,11,1438
298,nZBHjs,7,906
299,AoghKj,-2,343
300,ZjtNsm,-2,665
301,vLkgBo,8,745
302,XcZAyu,2,674
303,QJYOsE,8,1341
304,dbjuay,8,784
305,PBKusV,6,672
306,LtZhJg,-3,404
307,GWvkEG,-10,1166
308,RBxRqO,-9,1330
309,bXmLDT,8,1166
310,NHviEz,-2,1694
311,wVSMHJ,8,1206
312,mOUASB,-8,1535
313,aYmYFP,4,1706
314,cjeJBr,3,497
315,ZpgGkw,2,1090
316,roCUFN,5,1072
317,nDBRMR,-6,236
318,fKotIC,-3,334
319,xwciWg,3,1419
320,GLxaQb,5,891
321,ribxje,-1,42
322,Whabga,7,1781
323,wRtnIi,1,520
324,Bjgzmq,7,1086
325,OdwxkN,-7,1176
326,BrXVxv,-5,255
327,NktFKY,-2,1763
328,WRzHvT,-8,1286
329,BtZjRN,-7,922
330,acUVLS,-6,1172
331,ZKzkUe,12,1748
332,kBPxTy,3,913
333,XfXsup,-9,649
334,UYdVhQ,-3,173
335,ETBqxy,0,674
336,KRCPac,0,1183
337,endwHT,-10,1088
338,pAxwjp,5,468
339,nPAfYo,2,1082
340,eknTzE,12,1245
341,AyaHcR,-9,578
342,SfMyOQ,12,28
343,IjGEDf,-3,1634
344,gVeavE,-7,1108
345,qdMnyE,-10,1328
346,zwzEQj,-6,1130
347,dAZLhe,-2,519
348,NfDKyp,-1,1724
349,mhokge,10,1676
350,dolsdd,-1,1235
351,RueNzR,-6,1645
352,FzHHKp,11,663
353,eZnNRV,-1,54
354,VgYSDQ,2,669
355,TguHIu,1,313
356,evooBk,-1,1481
357,bIkSlM,-11,860
358,TvrYGp,-7,210
359,CIYoFY,-2,570
360,JzZBdy,-9,1232
361,pVNYgp,10,1217
362,GdTPAf,-8,1115
363,qHtCbN,-9,513
364,jLAYql,10,389
365,AlQjpL,-5,1585
366,RXGZzN,3,1052
367,vMzKKw,3,1053
368,voawmO,6,232
369,PXMGhN,-9,1484
370,RhmbVV,-4,857
371,LPvhUh,-2,77
372,zLCqCS,-4,200
373,tlhhGl,4,937
374,XemNTu,-7,1381
375,wTcAnl,6,124
376,ddWcsJ,-4,1274
377,whmPTb,4,1534
378,uavfmd,-5,741
379,KJkkkc,10,390
380,uiNwSb,6,351
381,fcQjiD,3,705
382,rEDtwX,-11,1665
383,mziHZq,2,1634
384,fjahgS,0,470
385,ehsLLl,6,358
386,VHiecI,8,1466
387,NIDzuM,-2,1498
388,kPTQlX,-6,416
389,JggPPq,-6,83
390,guYpLg,10,934
391,aztEqC,1,355
392,tITWTN,4,348
393,EZNhYD,-9,537
394,GbazWw,-10,577
395,sATqIH,-9,910
396,VfOgVQ,-1,522
397,Hgexst,2,1127
398,drIsHo,-5,1285
399,ZuJIeU,3,68
400,oGEmBu,-2,720
401,AmPiWy,-5,1289
402,rWnHEI,-5,1407
403,uDrJKH,-1,153
404,PeKQsa,2,496
405,RUQXkO,-4,461
406,ZnvQYQ,11,1736
407,eUIHas,11,379
408,MzmuxS,5,1247
409,lxNUgH,5,1435
410,rmBNEx,-11,307
411,VxjkUR,2,172
412,QjKjXa,4,509
413,BfscvJ,-8,338
414,gwFlqP,4,1761
415,jfRipz,8,185
416,mUvWVO,-1,1427
417,TCxTOh,-7,1238
418,sehoaW,5,601
419,yJJFgq,0,1614
420,HvicIz,10,1697
421,PYtCjr,-8,1548
422,XiPerf,-7,1232
423,pZmPqB,2,6
424,uxwLpx,-1,278
425,LoSKkF,10,1764
426,UKHBXK,0,1529
427,BazgSX,-1,1167
428,BzNfzj,8,806
429,AYblgE,-5,249
430,hHPegL,-9,1275
431,QfOnlO,2,326
432,DmkbAQ,10,1433
433,JGwXPO,8,1683
434,PDVtQE,3,158
435,zXzCdt,-9,255
436,locruK,12,1306
437,AFvnMc,-5,543
438,ifwNkI,10,1209
439,fFSLFn,3,1332
440,iSHmjE,0,206
441,ZvfJvs,-6,192
442,nktWVP,-5,1724
443,TdGSet,-8,686
444,QtiYTs,3,1387
445,RuzZBc,-10,1523
446,MnVteK,0,833
447,ymDazC,-9,439
448,EUzanM,0,770
449,vMivDk,-1,1275
450,yzKWrI,-11,1052
451,QWiLyY,-1,986
452,wcfoeC,9,1751
453,JieDgP,0,1668
454,FEkmeU,-1,1409
455,QIbehm,0,131
456,jvTaPW,1,580
457,pxpabX,-7,283
458,qBfYvS,9,360
459,jDIMXp,-4,59
460,dVPdGH,-10,495
461,OzbOYi,-6,1162
462,LzLJaT,0,192
463,WyBqMm,-6,950
464,xcxpzO,2,438
465,eyZJeY,6,1013
466,eeOtfH,12,1005
467,KUIvUd,-8,1682
468,HyxmwF,-8,1133
469,nrgfKk,-8,856
470,FQoROl,6,625
471,cOTQTH,12,1565
472,lDMiaS,-2,1567
473,BXuayh,-3,1177
474,eAEYDZ,-10,1157
475,pweijY,5,1483
476,JQnXlk,1,238
477,LEHZrI,-4,1041
478,nUsrDs,-11,49
479,JJCkim,-8,1562
480,dNoWdr,9,1665
481,IlWmIC,10,861
482,Wieysy,5,192
483,IlExOQ,-3,1500
484,TCnHWX,-3,1760
485,WWJqTj,-9,93
486,TNJNah,9,491
487,qBwUGg,8,443
488,QicfsE,-3,812
489,ASCjEd,10,1572
490,MejxYM,1,1418
491,BYitKZ,10,353
492,BtBlKt,-6,176
493,TkUURh,-1,772
494,iFLJCJ,4,219
495,jyKSYZ,6,1754
496,GYHHKI,-6,921
497,tWQUIm,4,1421
498,Psxixh,10,427
499,xToflE,4,682
500,SmGLvU,-2,124
501,CcDcKG,8,1399
502,pOmxZY,-9,1120
503,dZbROo,-1,1415
504,eZOSTS,12,1761
505,jsUkfV,-5,733
506,nGQjaQ,5,1777
507,ttumSw,5,286
508,VFvPYp,-6,1672
509,TVBEGJ,-10,9
510,nEBJiH,4,1300
511,FBKYSD,0,1574
512,XXvrWI,6,1595
513,ZtqLmF,-10,1143
514,PQAyQt,9,1159
515,ZGdnhk,7,672
516,nUBVlH,-2,538
517,rTHdUx,-7,1659
518,gGebjV,4,100
519,uWiXSO,8,1230
520,ZUdTNa,2,508
521,ZlTIbY,12,1084
522,eddkqT,-2,423
523,JkTbzs,-3,1714
524,tPVlOa,8,680
525,YHBqAw,7,1206
526,SUnBEV,-7,386
527,hGyGjP,-2,1441
528,PBsgBV,6,71
529,KofaoU,-1,1589
530,tbinfC,9,407
531,JHLRjf,-9,409
532,CSCXvS,11,1738
533,EuMHzu,9,394
534,BUTHsk,-7,1267
535,DaSJma,-11,41
536,fmwmsw,9,456
537,XVwjhV,-6,818
538,njHTZk,3,489
539,TAHNGy,5,879
540,BHyJBj,12,463
541,tTzLZM,-1,149
542,SSjpmm,11,1775
543,OhIpnj,-4,1676
544,vZYJUW,10,1374
545,kxJbBg,5,1341
546,yZsjbB,-2,89
547,upaBCW,-4,1493
548,aAKALI,-8,56
549,NXEGWr,0,786
550,QEgMKL,4,779
551,kVTCSo,-1,75
552,jdrakz,0,1608
553,yGejMw,-9,1156
554,OZOUiw,-10,652
555,XDPQNm,-2,1037
556,pDPuAG,-8,1620
557,HZtkln,10,1419
558,bxoMHf,11,1432
559,gMyhVt,-1,1232
560,NbjFXa,0,386
561,JpzURZ,-10,615
562,Yqxaww,-9,158
563,uWmgPw,8,1433
564,hXgLjw,-9,1775
565,rmtILg,2,41
566,TfZttm,10,868
567,KQzPnm,3,1040
568,lRUHSO,-9,1081
569,itqqwP,-4,938
570,uRGOGN,12,1675
571,MoYqEP,-4,833
572,mfvefq,-1,398
573,TbFuKs,-7,803
574,STUWbz,7,1343
575,JKpyZy,5,992
576,swTYmY,-2,682
577,tXGKhY,2,1238
578,cJHssW,0,657
579,qjZQki,-6,611
580,DliAht,-2,1716
581,XVHZZx,12,31
582,FCXAqz,12,1483
583,mBAAhF,-10,434
584,SUnZUP,-9,363
585,uBvHrF,0,863
586,kgNhug,-2,673
587,SCmHzy,4,1252
588,ghdgRn,2,407
589,jbNXNE,-11,769
590,jfXxOe,-2,1420
591,VhExEd,-1,1074
592,ESFGUm,12,1334
593,jTZwcf,10,1509
594,ckIvvK,9,105
595,dlnSoj,2,1405
596,rvXQVK,-4,860
597,jMeqsL,-2,1509
598,yHmKVX,11,1146
599,rRxIZD,10,1648
600,itzvgg,-7,1147
601,kzoQTr,8,387
602,jfHomf,5,1319
603,sdusNu,-8,1376
604,XducEH,-8,279
605,TiivPO,-7,641
606,exzWfC,-9,1495
607,EFPIRI,-4,1097
608,jcAQMq,0,644
609,jhuzKZ,4,504
610,dqIAZR,10,643
611,hFPTIr,-4,6
612,muwRdT,9,1012
613,emBYDL,-3,719
614,laIoRi,8,413
615,rRYYRH,-11,1371
616,qRkkRM,7,562
617,kxakaQ,11,349
618,BBhUQE,-7,792
619,XQlfuk,12,1213
620,tGKGAG,5,1021
621,WcguwS,9,690
622,FZtevi,-9,404
623,QuFQVh,-11,182
624,qAOwBV,-9,642
625,NyhteE,7,1468
626,qqWQIV,-3,781
627,lFwfvg,12,1735
628,DQnwZl,1,499
629,KZjIBH,-10,1079
630,uLXorS,-9,1594
631,YwUSfL,-9,1046
632,GabJKY,-7,817
633,DbUVgr,10,16
634,YzVEiy,-4,1520
635,LFueZg,-11,702
636,WpcioJ,0,949
637,igOBgq,-9,242
638,mnoSKi,12,1439
639,xAasoY,-3,400
640,ljcbWY,-9,1384
641,EulVSw,6,1015
642,CoGRdS,-9,656
643,oYscSn,-8,922
644,bBdsUh,9,1166
645,QTBVZs,11,1223
646,CPHIFD,0,1286
647,QpABPH,5,1415
648,HCmeNF,-8,569
649,niaHaY,2,154
650,HNYziw,7,1097
651,bdcnGP,-4,1053
652,XyJjTI,0,1082
653,xuwULI,7,93
654,YViwGe,-7,1480
655,FIPdpa,4,1044
656,mdvYka,-5,274
657,sqnRKT,4,498
658,MGtQCN,-8,861
659,yELoxP,11,279
660,yfLyyV,-11,511
661,UKcXWj,8,1734
662,wsYoPK,-2,1193
663,WLghPX,6,1136
664,xteLZC,0,708
665,dLWVwe,-6,1733
666,ttNsHg,-3,538
667,WdxtVY,-1,381
668,KBPAbF,2,856
669,SlkcjA,-9,1730
670,KoTXpo,12,81
671,xGYJrq,7,345
672,MYMRnr,-5,878
673,qMAPwN,9,1257
674,MJmikP,-7,333
675,qwAUQx,12,1065
676,hMFauL,1,1657
677,okyeyU,10,1402
678,wPsnFQ,2,1464
679,rhCYfF,1,1119
680,XAFKWt,-6,1112
681,ZAOZdB,4,1742
682,NMtfmM,11,457
683,qGVWWk,-3,1644
684,UXTarP,5,582
685,NBwWqY,-3,396
686,nyvRTq,-7,960
687,qcAcUt,-8,1249
688,wsrtBn,8,923
689,LUMbXC,-8,156
690,oDUCqk,9,1579
691,bBpbxW,6,1683
692,iENXEc,-4,156
693,QVXSLP,11,684
694,FMnQjJ,3,622
695,qtaLtj,-1,607
696,vEibOK,1,1131
697,OTNjEz,9,518
698,PxOdYQ,-9,564
699,QLFByE,11,459
700,PvvldT,-4,894
701,nUgLGb,-10,670
702,GfSOOe,5,367
703,WywAOp,4,432
704,ahKQDZ,4,1749
705,fEEBUQ,-2,708
706,AgBoHe,-1,269
707,reYNBM,6,323
708,TUeLjJ,-7,992
709,ZqzlZP,-3,1728
710,UvBiSB,-4,618
711,rFUxXJ,5,1577
712,RPLLYo,-8,17
713,RmWvKp,-6,145
714,nvgrTR,1,1166
715,CGBHns,-4,1029
716,xgwYjv,5,446
717,Tsriia,-5,1086
718,VYKQhG,5,1717
719,huOtNK,7,555
720,HZyVJU,7,1166
721,YUcbdV,-5,478
722,MVPGiB,3,3
723,mnXwRf,-2,866
724,fLiWdH,-5,774
725,yDCSkR,12,1465
726,qnXbwd,10,187
727,FYXAiY,8,1702
728,abZJPH,-5,1750
729,agDyka,3,165
730,LyVyGd,-7,775
731,crptBH,-8,269
732,gDufTe,-9,1741
733,lhFhwn,10,486
734,JvjdcQ,8,1641
735,WsSZRA,12,1303
736,qzjkmc,-3,329
737,QEQXkG,-9,582
738,uVwyYx,-9,1643
739,Dotqqk,-2,1697
740,QbHvOl,-2,482
741,ZNGBYI,4,589
742,IWzfpO,-1,250
743,VgRQSf,-7,1059
744,adwhuZ,2,621
745,inenpi,0,1768
746,WhqMmb,6,41
747,dSHEDr,-1,886
748,TUyhIE,-3,1292
749,yFnYAB,11,523
750,IklZeo,4,1596
751,ZCeslG,-4,622
752,BGeHns,-4,1663
753,uxpLOK,4,554
754,sCeChn,-6,4
755,etayno,-10,1117
756,XOXSol,-11,1496
757,WFuTOI,-10,1229
758,KPrXOP,-8,605
759,kkMvzx,4,1663
760,HlzzEi,-11,1332
761,MzbTxR,-8,1074
762,csOrec,7,1783
763,GJviaG,7,562
764,daFHIW,-7,1082
765,AnqKda,8,1420
766,uwnhXy,7,365
767,tblBye,-10,890
768,uwpoTq,-2,640
769,FrczMI,6,793
770,YglBUC,11,1266
771,ZuOFAe,3,235
772,XcTtyB,11,510
773,dVUgJl,-10,154
774,KkRTRN,-6,1225
775,LNrqzz,7,700
776,VDZjMV,12,169
777,qwqRpa,-1,45
778,bsqUhb,-4,913
779,zuXTMq,-10,1165
780,kglxqn,-9,1516
781,TwbQNY,7,10
782,RHCnSg,-3,672
783,biXPss,-3,664
784,huiozT,2,451
785,SGDCJg,8,996
786,dXtAgF,11,1774
787,FQYKWd,2,86
788,AVxBxq,-5,759
789,TKMAyA,8,82
790,ZfkKmX,10,882
791,dIlLMN,-3,523
792,lBbCSL,11,693
793,gAJONN,5,1597
794,ZOQMoH,3,270
795,BSclJI,11,404
796,LNTPOh,-4,412
797,YGnMSj,-2,1378
798,pddHIE,6,643
799,RuWNfY,-11,1121
800,UHdpNL,7,879
801,siLKxh,8,601
802,lPINyF,-9,1575
803,pRRLoy,-3,1546
804,dfpdUh,11,1440
805,BFgJRH,-7,148
806,vBhUJl,-4,397
807,iEaUGK,9,1120
808,ZVRLJA,-10,147
809,giCcjS,9,1162
810,qMBJhD,0,976
811,MZpQkY,-11,553
812,neeniM,10,1354
813,mhTiYq,-2,1350
814,eQlXAF,8,742
815,BfWiin,-11,597
816,EPigtP,6,189
817,WXpKaB,-5,1076
818,iypvIL,6,468
819,Xamvxu,-5,518
820,zDiLyt,7,334
821,CnaMWS,11,1216
822,RrbQJi,-7,1472
823,CKZHax,0,150
824,sMZhho,-10,320
825,sCTWtH,6,50
826,GrCYAT,-7,1390
827,aQnuxX,3,1494
828,GICrXA,0,1685
829,HpphpA,-7,897
830,agqnjd,6,1241
831,PijxuX,-4,1018
832,TXpiNn,9,668
833,qCemdf,-11,1125
834,wohFyj,11,668
835,APieyY,8,304
836,jPuUYj,-3,1725
837,dgVMKJ,5,139
838,juKQWb,0,1255
839,jsENjB,4,325
840,QZTbze,-4,814
841,MJLSOH,-7,532
842,OovBMH,6,792
843,GGrjYJ,7,1384
844,AmXhbp,-2,535
845,UlHZeq,8,1654
846,UTxObX,8,814
847,ZInlKs,-10,1232
848,KSMuBV,-3,237
849,bQxFxn,4,1306
850,cKlTwe,-9,1377
851,qtATCl,7,422
852,GAptXY,6,957
853,VbLWbv,6,532
854,nkhtkB,12,193
855,AmJMmW,10,482
856,UfJOwy,-8,357
857,UFNKuR,-4,2
858,xIHmoD,1,1518
859,oJceio,11,125
860,CXuRRW,9,1728
861,XCNKwY,7,1336
862,QzplpL,-1,829
863,kfVgvm,-2,403
864,PKFrbY,-9,1499
865,XQKBkE,9,892
866,xvLyZb,-3,164
867,OSeSDL,-1,430
868,qPkXBH,10,30
869,FZAkHW,-9,533
870,aqqpIF,3,358
871,VQZrFf,7,1409
872,eScFEK,-6,1519
873,MHANEM,-5,1542
874,BiDHCy,-4,363
875,ZMHKDd,6,1060
876,uLvWuR,12,1629
877,cjGIPc,-10,507
878,OMiDSw,-3,534
879,IoDqzq,-9,499
880,ufkLNY,-6,641
881,WLAClQ,-10,540
882,YePBDo,-3,450
883,ybNiXP,9,1414
884,WRvyvc,-6,581
885,jpyfmN,6,1559
886,OyNkNY,-6,877
887,aHehqy,6,798
888,JhBIcS,11,119
889,BJfAHq,8,82
890,fnOTKB,-8,1778
891,ATveIw,1,251
892,VccxzP,-6,1424
893,TDCnir,-4,1224
894,FldaxR,-5,728
895,tjrikh,-10,25
896,omVlgu,-3,1763
897,LURsdt,-3,1564
898,OiioSf,1,1370
899,MeJlAE,-8,156
900,dBBqOA,6,1362
901,uGkbno,-10,716
902,YbMuPr,1,1235
903,zxAxXf,-8,108
904,WOSWbu,0,1088
905,TnNozq,10,1091
906,RlgUGI,-4,1480
907,oXcKLW,4,407
908,CDtZWO,-11,1235
909,xqcIiP,-2,1097
910,JWHoKi,-5,715
911,wxcbNw,2,1150
912,GOhlUB,2,70
913,ahNqRt,-4,463
914,OYtOBH,5,225
915,KkDfQV,8,390
916,NmZiLP,-5,1580
917,xVFejR,2,900
918,NucOaV,-7,710
919,TBnfYu,12,987
920,ilaqFb,-10,99
921,uGOPKY,-7,531
922,rYIbXu,-11,162
923,wFvPeC,1,1457
924,yvqGcB,-5,1748
925,UozQLz,1,568
926,jqQEKX,7,877
927,JyuyzZ,-4,214
928,yZWYSs,-8,561
929,OaGnYx,5,887
930,KCmqDi,7,1673
931,nvZpOf,9,519
932,foPhde,8,1135
933,okkhAY,5,672
934,PuuqkT,-9,1685
935,rfspcJ,-11,287
936,RvZWQy,9,718
937,cnUeBW,-4,494
938,mmBxYt,9,877
939,keHkEk,4,1156
940,Kalqih,-7,752
941,DKDmlw,-11,1266
942,PFJedX,-4,425
943,NqmuGQ,4,1421
944,hnUvsN,10,1188
945,PJSEFw,-7,446
946,SGjsAl,-10,239
947,aRNwqm,6,232
948,afWrOd,8,352
949,SJKyAE,1,111
950,lWxFiG,-5,792
951,maNZZS,-9,69
952,iJlHCN,11,1587
953,lkfNke,-8,702
954,gqwbTq,-6,1057
955,OSaktm,-3,1450
956,XBAhMt,6,729
957,ZllhDa,7,208
958,toBMZU,12,110
959,MXLNbB,-3,1526
960,ugnhwe,-3,673
961,gNSQim,-7,370
962,tBOldG,6,715
963,YZYUJC,-9,408
964,UKqkOM,-4,1763
965,PsYWRE,-2,1059
966,jWRCgD,4,1705
967,bHKoSh,11,1061
968,pXIBDU,-4,1656
969,bYhLus,12,790
970,TgiiYf,10,527
971,IhkRAc,-4,1146
972,KXEvwi,-1,1462
973,bKxsSS,-10,848
974,anZKyM,2,307
975,fPbLFw,2,1035
976,tfaArH,-1,1432
977,CRuYlA,-4,1075
978,pGBxzG,-6,144
979,BZDDdS,4,92
980,SjoeZT,11,1327
981,xvXsXB,1,427
982,aMlWTQ,-5,170
983,zdSyKG,-10,1273
984,rKduFg,-3,847
985,ElOOxT,8,105
986,bWwehi,11,291
987,dqVjGr,-3,1456
988,dqyqGQ,11,152
989,WgTPcv,-11,807
990,mtYWvE,1,1434
991,lVCdrj,-1,595
992,SSqPEP,4,623
993,MbwLRJ,10,539
994,uVIDYo,4,1684
995,glNXYE,-4,1205
996,PSdqCN,12,524
997,MLomyd,-5,121
998,OWMvID,3,146
999,EtBPqg,2,668
1000,AquKGU,-6,661
1001,keVnKC,-11,302
